Name,Email,Username,Phone,Age,Address
Ted,Jamie84@gmail.com,Samir.Hyatt,(403) 324-1664 x11202,41,Bedfordshire
Mary,Cristopher45@hotmail.com,Marcus33,242-266-1449 x79202,48,South Yorkshire
Layla,Bettie.Rice68@hotmail.com,Jerrell.Hoeger,391.419.1754 x2649,60,Douglas County
Addie,Ned32@gmail.com,Nikita_Streich18,1-873-220-9191 x9469,55,Hancock County
Coty,Daryl.Kirlin@gmail.com,Vella87,366-808-9924 x549,30,Hancock County
Thora,Yadira.Schimmel@yahoo.com,Karianne_Deckow,(386) 896-7021 x456,38,Gloucestershire
Ashlynn,Stefanie.Prohaska@hotmail.com,Alana.Gottlieb2,(807) 766-6625 x09245,30,Grampian
Lenora,Wilford17@yahoo.com,Schuyler.Cruickshank,664.229.1913,57,Pike County
Gavin,May61@yahoo.com,Pinkie_Harris24,(901) 357-4383 x1138,27,Clay County
Gaetano,Francesco31@hotmail.com,Kristy_Ledner-Kuhn23,(942) 267-8030,27,South Yorkshire
Woodrow,Juston.Bednar@yahoo.com,Sibyl_Carroll81,(548) 444-8234 x2943,35,Union County
Mia,Coralie20@yahoo.com,Lynn.Osinski,1-630-784-4549 x315,51,Humberside
Myrna,Bobbie_Bruen@hotmail.com,Arne_Raynor,1-666-917-9668 x14585,21,Monroe County
Markus,Juanita30@gmail.com,Kiley_McGlynn23,1-214-894-7352 x65291,29,South Glamorgan
Kavon,Sid15@hotmail.com,Brant35,715-334-8072 x198,56,East Sussex
Jazmyne,Mellie.Ward32@gmail.com,Rollin.Stroman36,902-325-4189 x65578,56,Highlands and Islands
Mariana,Dahlia.Kihn@yahoo.com,Zackery.Bradtke,(404) 255-4616 x893,34,Shropshire
Erica,Jasper_Schoen@hotmail.com,Juliana_Stracke,1-468-263-3653,24,Marshall County
Craig,Crystel91@yahoo.com,Felipe_Langosh44,858.575.6434 x5049,29,Warren County
Alicia,Lorena20@gmail.com,Bonnie15,1-392-495-7283,48,Fife
